cercus_contact,inkadmin_contact
CO5C9UkPhTJ28y9sYCR2,knseTZxo3Ral9oqzgBpH
omS0J9YzVorjLlYje55q,KWyNyx9X5dFIk1nCunBo
BM7xrv5EztNPb2exk30l,ly1rlnylyBfEX4C8773g
AFWsGKhI63xhKfhNiCVq,wyeKsMNOVSY0tUzhEHHG
8XYpATAEN6i2CTyj4G1N,Jn0by0YAokPOdkJ9leat
McsgMoZtTKwrvDtQV3U2,VOMbfieAc7QdJLAAv9vW
3DiQaQ2qtH7IimCAjgHU,efqFc1oGvunjeWviKJiS
H3hBFGBKF4HLPGwQLdrT,7cc5M8dWvDRvJarpLHBG
pE0b0MkhYBAmRr1Q73uo,MUxfwKO5nlvbCryQZY7Y
D0PWd7lzy0NIbZTzljHP,DalTX5M5Ry5TrwXeBBjv
gssmSff6jQyg7c72Qfss,xzMS8ddpddSg34b9fQVf
oxpN9KWhPrwLpglgbGg7,RSM4YZCJUucP1rPJVJYZ
f7kGJyJX9XMzwNNV6IrK,MYENlONhkITbmQZuwu7e
WQeuIrVcxp1evpAInziK,e6VbU5zjiXR6ibjYwP3G
7MO1YTsPJFLHdhzNCxK4,XhyzUsjIs7ww2dkPyDQ7
wAtCmW9WSCxYS6ztoNui,D9WP4BjIn6UUR2KAaCZf
fNcIf238YXIZ0NzK5TP6,4ZiqYoB8Hg6vbkxia6ZM
qvTcFmaw7R6CxjSSdvXO,L3LyHUxJkFKIJ19LFFXr
PbOs9BVXFx8xKmGGy0bI,oxvgzRmBpN07oUeOIaJa
6sIgIOkID8fcGcM7FV7W,ofFSb8xtk2vkaGatGmGu
h3DLvRmOkWaDGDvLWoDY,xyMKEnbyIKuNX0Yw4eNv
z5w1dLgZBWa8Z896xJGt,tr5LMY96RynkF2x3tHeP
6pd2qh6r4g2tkvlMYYhb,L0chG6fUGZtms75EUHNA
6Ze9u6hMGw3881e5I2no,oeY7fjTfTpkGJ6XLJg78
yoJNi3eJZiro6X2QYWk3,7LEy0PdRanwZC5hvZlRN
lDwUdk4M5VWQUu2nenrL,jl8hcTFvFmiWL624r1fU
PNtsMa6qUVbhXQPGeQQe,YaW1jqjJ0FnjLeZuNwVb
5F7vWPveGfyWMp2P1pe0,uAd5fS9E0HpUkHzUj3cj
zwc5PzGSYIgSC7T1ofE7,TrO2GWAXuXDjpmttxxmF
H09ZVofPhzJuPNBFyxWx,OcCQC6tKvWELrR5KusA6
hmKVDw825aVMDi1kEbFx,Q4XYQmQJKnMY9TKKgvCm
uTNKjzdD9UY6mijiBOHT,OHduF4LGBPEcbBDfyAQg
RSsIAxGCkzgY9XH7UP5e,aGZIWE2zD02FfypSvXKa
uoqydeAW1r9q3rBp5aMW,RAbCllN4vECjF2OX2Ix6
Pp2QHc7Oceu9C0w1R0gX,Wbj5DnZDDxPHfJ9r9ID3
DBVEWG6DVEnNryQlAsOZ,0DSdEODNfSHsQgL9Hr0G
Z8tpGu6Ki3X8B7gCUUOh,9ioBifF9B9oryNg9GPeb
YqouMkYiq6dhrr05VUWM,T7qPca4ipOzcfnLZHjJM
6sjQSH0WMDvheWeU72C7,SMGxkdNoER8Nc1dV2Cmr
JnxnIPlHefWkPrCh18C0,LAOhtlXVdx5OzHxB8MEB
K4vcKJzVlPy8i6BiYB8g,k3yr7UwZjZisESS8rVy3
1Wu2ajXdCumiJmbGWzSl,KJCWTixCIEveXjjFXFdA
aRSsFibLkmOPKK6lL67X,snhseQQoHtV4XygSkB8t
0cvk7q6uP4ppfz5f9IoD,E1ug96ctm9eKKpcs5Hb9
jB1NmPSj40UDzrhmfOoP,ZkRxWVXErp1UYFQjMcfE
npnqF6kIgeNuFKLXd5Wg,EaoBGy82nvVSqcAddgeT
UinmRa2LXgsG5J0TC3YV,KSPIuaqZffvIiqM6KLVc
bYidMnjVSwhHL8nKqfBd,w0HKiVCJuY4bIP7QulJ6
05txgoUBLlTGH1EbKwYw,Y76rCjEMuExvkqQ54TNl
SO0fPcIfKi5toaBip2aH,t9UA6nBU0TdInokQqFnw
kToYU92193Fio16Kv0Lw,M6Dlso7cJXCNu4xszvMm
0gTeZ68FHm2w9PMH2RqZ,nEqvy3GM1LeA5nuGrFS4
XNWyqKlDxIVQ1W2kK7A9,yxzHWWIKQeWiPAzcm2EP
wWOaDjz2UuZzzjyL8fFZ,x5p7JsB1p2vpQ1wKAgSy
tY855oQ1Jw7htXQTJFkc,GGsFB7F5suIcGf7Y5V6T
nF5GDxU1aQzYahP0jw3O,cZOXkxwGPpJHsmd03DvY
0XmAo88vPRBgKkC7W08C,YkJrb73PRSRYHvUU336J
zORHF6VWQknu63MIBslu,PItcS0RiP0sKNdbEprtB
p4ps9teAvmZLSCSnUGEL,NT0pTIlM2IgCS2Vim2h8
3H7TypHpNPD5oheA4skR,WnwmTSRsRuQIi6b1xo4V
yAMgAy0lh7OL0Qrui7E8,ZPNS6eDVxzDw7EuhJniC
43sKPeCmmrbqaE2qWQty,hjUwRvLZzSLXyd8iARKh
x3MOdl4PWVZ6sA5EjoxB,HIcu48JhMx3uE6cmIL25
RonuNdRyzpzztHjf8qvk,PZogslnxWPIXHgwnXaOL
7Bi4kt5kYo7lXFxlWXvQ,q5nvpymiQrhCS0Dt9cxc
vvu6UUK4LnQ1pQJXSOkC,ZrOZtPgsmRx3j7gMPkIO
6I2AttJGNubsuxMomMw2,DPZ5apUr1HcD8gwiYf1G
KY8f1talSwvZslcPmQMs,qIWQa7AEoO1tgfyh0D8Q
ljCBNCFi7YL2D3QfEpmd,gf9XB3b0bLaqwDSqwWbi
QRS9wYr4BiQhauQBYH5g,skJ8DmyyfeYchQT0J586
leojQtUBfSxf5poYyxXd,2j1q4bVn7uh1NX6qB2GG
MWvMX0cQALg0SmwJOb6b,BI4JSUUrMIBb3FUrUSIp
QfZnMtkkOYsHUCeWpE9Z,t2z0FkCn8LQK0kUFWLPw
A0A9e3hb8idq2psDHcyL,lT7AS3Sztzs07R3fjsQM
vBrytYxOTJjyrh95bD8I,mzNW69ZpZ0Fpthf1NIrw
jeoEFAoZ4pq2hO3z0lXn,DHgyYn2dyCuL8jtl9y0M
6jn12tfqeB11I3eT5Ze1,8MjbfpqSqYM6az3AAYaa
pVtMnaLdMps21K6uHrBi,yniqV7vNUUtwquxMIqi9
czEkm3h21XLNIj0SeOLG,ARS86Pce8MnBaspn3ORh
M93X941pMTkdkOC6oRPm,qm5NFNV5hf9OB8MyLKgV
vtCFQlBMy3DWMpELLtE6,OAVrka2TZG4s4UtJBgpR
vkLgeOfSpN32Blqggu7m,4OhxqUG9DTziFSu9m8hm
PDlPVB7E4WdB9oZGJXLx,0U644xyZe16xZ9x5zMOY
2Fo7zjvlagYgI9JlPkwU,FSwATlqvo8ChklCkZN1Y
lqpb6Tbd2txOSbBx4cHs,QQWyyc93Aw3CIXoKSazy
2sm9D1sAlZRJjcQUZjew,0SQ880uYTZ3IZDJx42oh
sxoTvomM88LfOChaL0ew,PcmkANWOEhcwpw5MHstV
4kZbnV4wnl3wWK3wLTJV,FmfrCpyrUR2oC34UC5GB
SstKjr0K9qp8vdlXQIBu,AFaMRfZ6Wa9bAlpMxv15
b8h4ArM4OYpiRLiBh3Kh,kQReIwxw6kzdWgAnFZjc
EzMZ2Ii0PdfXBVRtn9BK,lcPBCxFdvKYrSauovdwc
ceNS3whgoGT3ICOH5Lnl,3J1NgXQyJa7H85WbmZm4
2DulEsdgLthUxNPRh1Fk,wXjzYFDdK5FQ1ERZhH8M
L6oNZsdHOe2ei8ZE1etN,IAu9IFlSUyipDtXoaKyo
wlpycMXaGKCFQaswgbZM,DhVcxkYbwm91ZgyRYIkt
nomiY2YcKWuHi5O9F086,JoNHq07nVzYnzTnI2s2I
qRSN1CzvZfwmk2Ushvoc,oS6qdviPYltJ31pWBHrn
MDS0PtRIof4g7DWoyh9H,feHusEEpSZG89MmjLOdN
I0odtYi7wgtKzbWrr9cm,rbUGBI7mlTPCS8p41q7n
0QQJdtRtO1QbDJhkKJW3,fYbTcwfrRbK4PW2MEng9
GUmXU003xA59Id0zl1gi,7hAYCA3Wv1hGqWotcSCF
5WbhUSlmA0ZzO78ynavO,9N7aCtvHEmsuQLoA20hx
5VEizzV9DGsx19JEuOqo,Q1Zt2ZQhUqwauuqbMYKb
MuxKcGQRP1ewvBydzFaH,EC6q0sduJOQhg9DLLQN6
znqbqgO7EH18WyJazAjp,rBtQsKbpea6jiSW4je7j
AeXsY6eXBtqb5q8HoGPl,vLZxefPWVqeGxXxPqMab
xCbSK4vgUwLOGDKhpr02,y7EXzREd4STpOwGdl03b
AKqci0yqXg9JFXLLd6LM,54r0FNTbZoxQsUkgHKw9
c7VQw4Cn6b5Hmf2UENlU,yHHilwXGkrG0CksDIviP
79AQX7lQ9tqJCHGJVr2Q,Z66HuCQAIborZSRPrswd
vV7tMq7lT4dH5S4nUQcZ,zpwWGxt4SG7Gpa29JjRa
FMsgM52nBItBQEe4CWuz,saaRy4U6aT6YEXTyrBUa
MkI3V0fwjehiMBYL3lNr,0VBrqgNhUn3GCyUvqLMs
umBLDJ9GRNZblfa2v68q,MUVaES8Od9YIBjCw0glu
kSJSg7Ro0AAhgEg901MW,j7cwxFVFjOftGH8sVLmI
jo7bqEBZHXnnVRWuzmU4,XWgKun82HSgEkfGqt3hW
1PtvHT0eV8Xc9BUAPSEI,j76P9HW81r6DxyhP7B3d
LA5LJR1QTFKH9Kx8RbuC,3clw3FQa4673RJK2F5TT
yFyZO20xFvQx7rGe7UXk,2khF4BNQMKbDn55L9KoO
s1d20bYit4gJK1pLOmr7,kRnjmpZXdlqs9uwFB5Y6
yq8lnep9KyTmAU8JUngQ,3abibpF973NqTKCi69WZ
RUGJCCZ42ppfrRCPTHVX,UYQeT2R3dkKPiy2unZeT
Ky6ZmtOWBckEePqQe9Rq,vim7Qn3fC9pAYk1ytVGu
bZY6bOTRxrTpAZ8cNuad,EGXR8vIf6CbfK0KsI1ci
ikEW1My8LoCMCPJrq6hh,q0FQb5DmY16D0EzCd7GG
elVaERsqCE3G6xXM0ABm,E8Q4sQs5C6PNXZmKit1X
lXWsqJMdjeXG7RFz8Jq6,rm7h1PJTRvVIOKd5Rn3J
oEzb8nMbxpYHqBqIT0F6,pComBYDQAtWHVexayGTM
Y8Y5XFBcDxg1C2nayS5h,DOAAZqoENEnDdlHSXAt3
eLYhPu3uasGErP77psw5,de0EilOgjwQT0Z2lVBNb
lsZ3r0qlnu3VpjAAixrC,ZDiUSfVzDCMBGEka6Q0p
MfeyyYQocY9nXpg2mcjV,Hi3xPVtgzsz10uOV8Z5x
oClcmfzSTMGSkhjP3Uvh,LvIBH52Xx4oe0wf1zvrY
kPXkAfnLpdrH1THgE2Cd,1KR59DhWJ34MYAuzyHqU
hH6cQpoCBadyT2oPQ3bf,Q4aHjcpWSiF61xRrR2t5
xrSUIrf7cO1VZEuUIBPq,f8RTVhUj5raFHjF1pZ5O
GFuzYWSpp8xTv4wtwKik,jKMzNJryXcv8LqxgR7vd
vI8FXdWHQ7ZxaVvntiQG,IW1kPgOVEHRG6ib2Vz4Z
llY3mMQsT6oXgNj5A1Jj,9CdsVaiz8LCoE46Aj1Je
OWf25JVtwFXaxkZFiGu9,8xKnRhlUzeVQ6mKpWP0W
kPTBLU26hF2oiJE4QwRs,nQt1c6PozzRWWs8sYKBi
znhUrmQE4LVtYOsOs0EB,lMNRBc4qHLpQuJOSVNod
QVr60i6DI9DwfqStxxXD,57ssoWfoX7SjBjxZlF65
ZTNKfmPV7jGveR2DMHEk,3lgXD3xPvgViVcGqtBAN
NdblXf11qL7KKakbhDQ2,qqQgvjTk2opLh7aUw0Py
OWzaQaZYAXnlz7Ol5Kid,IHsBCgxGACwwHwG46D5O
qvLDZlf08Y51lH16jMaB,jcgd6THQ5629Gehe78a4
QiJZ76r1iiTpOxJE1Da6,gZVlVrOP2KgXDsXJdW98
xDfUjMLGbIvMOXX6kocV,siI8uctJ55XhmOny786X
k2ZGTZANnj14pmztngZC,PL92yHDhszQ9BslbQvMC
rIpmYF9eT47wsxz6rQYK,ykBS9lobIFcSt4lDN7B6
a4aNU5ULYCAfQXJBU3y2,iO3hQexgKYlqyvZeukcH
n7r14atSKoerRKnLpFzr,veXNeCsmDYkQEtSuQR9z
b6E4kHW7Fkpy731LCANc,X84q2c2JWwNVu4FE2GsN
SuTPk5k6ubb1aF6T46K9,GAT5NeD3nFpnIkRUBAe0
lyDHofA23cfuc0ZYVYzP,yQCv9GlnR2l4pkpM91hC
4vH0vndDE3B3dxL7mWOl,hiO9233ctKnlAXtTzU9x
qN4oxZLumYCFt8L6fNvw,SBRwDXaSTfNiJgxE3K86
HtQlvkZZUAix7ZAViWpn,fxQ7UlGoE3wjetr8EdHr
wIiDXkgPD3UisbsmNtOa,DnaQLLJOCjdfMcU7CZUR
2Kl9U6Im5HtQ6wqem6F2,6vRcaNA3I14RJlhTHpOp
rBLkxTNoMnDOqquwMqrm,KW86vLxKKKfiK6rF8ag9
4U67Y9B9YYhv8df9EbgX,AAlh7qrh0zv9X9LEtC8k
Q9kT4fprHP73C1Yexwia,TmoqoNPeaVmmGNQa5Dpz
Z0ajMRkrqO8yrZGyjRlM,zCORgu3q9l4ud5czlTtQ
mQn91YvdeQGxbXKBH3mY,qhkn7bF4Fe1r0lBJC60Q
k4AAUVpUvdIMgWHMd6fv,kzbyyd564YDEhtRmPiVQ
nRuOH83YPddzacllh4kU,hb5hgrrp3jXUVa9pBz92
KN0QK6XPM9q0qBOlTC2c,ESaUrPU1jjE59R8ol5og
RJ1BbMDBwfELXTdbTeBi,ZaCO4ausOHiYTGeXGS4m
zWMTl5GsKMPidP2oDeYw,BxGqkVuymB7fFN5O642I
utKSMtQlJUlvya1GW2M2,tEuyqs3H44IfJEYlLSFT
mYnO17rwERr8yqkzmVig,5uzOY2mB3IR3EKw2RqRY
b4usOCRKoocIXA073MPd,eqDEMKWhXSbEJgajpokT
Z1jtqHbIzIVr8Ha3NLxG,L9THbc4i5GykI8CXQLYJ
vNiUUaDn6qakPmWxkich,8QZJpZbRNUlMsP520zFi
i5NE8jg69u9NuAyMMB4b,jXFvF8vzLDYEYCYPLiFp
2lTKrGoMwO0ReFmfSx5h,N2AN3XKNvxwxcmmQiMCF
pZ980BDSjfjvnoyszFjs,TQLX5JiXStkeE3WlfZzD
TkrozXF6Klc6dU4hGvip,IEZEZHD0QCjOrB0FbUlu
TSyO4F7sCQMH4ZwAlbus,KnPg8PavciLUCnVApB6b
cjW5zQ0cpItc0uiVZCMh,WGgRB4PXW8W9Xxe3npay
4zWIhFIYoTZ8SwaKXwyQ,utGeWNrkwtICjm9q0ZsY
zDp4ESfnrEF8wEqKUVA8,PubwmG0gcDHuzLw58dRL
BOpGOVh6YsOffITYTuZT,y4r9Ck7bd01NCDEM5huL
pCol7jx97EA5CKawvA4Z,vw1lVQ5TwMxPinv8IcM7
S2sb0joWo1iVMJzsL49p,8f64PhZzflyor7ER5iSZ
cy1sjV5nmFVgLjmC5Eti,eNDJhVQTmUh60fgCTRnE
2B1677NKskGv671CD7HL,e64AM71q6QlOd3gNreIl
sOOPlp82psyWqG3Lmko5,0OPCUp94lR9Ts7rFckbD
40PmSHpljcfIKVl0IssD,WfG4wWXDr65KvcoZTvyi
wSwoYLmFDXDHjk2vt4Fo,YY1FRXctHuoV3pLAT8OC
acnz2M8KpSmrxQ3QJY86,J6ypp8gkZsuOjewcHuxr
WtjK16pR5EIpMP407NMJ,zfiNsbmM0t8pvAyRI6zL
sCINcVNQ03aXr8HNRtoL,lRNInbNr0Hci8MtnnlIx
6OPPjsbPJChgcwRfzSUY,jud2tmAeGsdCbhbzgztH
BTuNMkM169inqFePaQIs,G8NW2FZITdnkkr8r894Z
a9w326H7S4KwySD3czlx,oq2IAJBz8lrFNfNciIe4
A061TWhxOhaJemw6rKDO,VuqxXXNhd58UxaH3SoSG
D5yYmsjXD55o6tOuOiLZ,0m44CVd8F9YNFj6QtThT
OkzZNq1BHTPNBpzdFZcE,WCsGxc7GWrAIOJ06BhHy
OiPPooCKsgb4O3gY7WWr,jmXGMcSmumzXRQtMfrgW
1IktkmBGHWbUhW5zvMw8,AePm0QsAEgaZnBRlUxZA
amNDsuSplLuAFunrxPET,79i1QdVK5qy3LHF6VGeM
2JzpVa0BhqOh08dEnMnE,wsp5uPKhKlOczO08R94b
r8axc6CLLaIkVTpEvA44,AbULpuVFiMnTN4pdaHDE
BoZLbHWORDJlwUdbLFln,C4TMVkXZWO3sGbn7n4xA
ORBD1wpkqq6Z4ntyOxCQ,c3KL2ZSSu2kQ9RsjcP5m
KcEiGO3WqDV1UOXxqKoG,T5ovF0UbLJmhP6uY9Kni
tHgdjCaQTa3qAz1MMK0w,64SqwVpSnJVVyESXXEHE
KcZYCHVyl73wz78OIEek,GlvRvcKWTXK6oUTSWqff
mqCMa4tUyDWN5vZvqiAk,1czXzGSlH4drGRdd1R2n
3Qdf7pBx9yuI5mMdLWoy,cCRAdWArHdgrCZllGXik
srI7ybZcf9wLlpLdXeGz,yOe4zJCUjiB8QSNILsrR
hExVqEkhdqH6vCMC4utt,uVrTkM3GwMncjXVQucqW
stYsix7isbXKkDRx5wK8,zJVn9y36D62wsbbdpiw4
SxVLU74P6p0FFMcWPugr,VQTjes2DA7CksfNyoC8u
wCuRY7WAjcEq6ym6Ua9t,c7P8Z1KZ5fkz4FMnob2s
PbwsAXyd45m6dxLnY8r1,nB6uSv8gnQruvd1Ai2HR
p3Ep6BzpNDYbvN77Cg3s,VgcRGqmw7BhpPW6hMAaQ
a03rUic0dpnUDDnF5Z0d,LUSaNgxCQ28vfL3xRATb
eMb78fheF4FxTp9LSUvO,YF9ZjNnEoz40rKzn0VfO
X3klbEPwWuiNJJn4YMkn,3j9eBzneWSkIzndxKboR
SV12Wzu3T716RpCCzg4U,LegojYqdlXUiJ2dZcy0y
OFlgmAarHYDexKQ6MB4e,DVmsmCcNjIZOkYMMDJYF
16arsGM9yTO6usfqS9vb,WpBpH519DiiEveXgfMSa
7d84VtbAb8KT3mFdakFk,4ndT8eGLtGj1yKNiZqlX
TfbQpFVYapPaoDwTm9Dh,3lKcC8MBwBMdp8HYHd0q
q9okNdURumb4fAzB9Dsp,Fg6pFfuz4isJAMcUnRsF
NhLzk4ACD9WevAJtxLE6,5SqxSJaMgvsImJ0Yoiy6
0IYbWtiP1KS3vxX3mFDy,el7pUDA1E8O2NWy4JwfH
5iIY5Ow1dMBlkUK040ox,UjQUbjSrJvD6e8TaIksq
E63nIWmMKDiuA6lAVBPy,e9ocAboEgZkmklBkrFsH
BZxOhwZ3ZOzJVr7PDCeJ,9vBTavWA6VXwsVuYW9T3
9nbEEVvgtPtSxMBpL1Is,AaNUcfsAHKKWW2Hw6m1F
QTBNyg73fFKTxjiGl68V,urbMW7J1nAGOkT9gveM0
5XU7eJsCor4LkM4DhZFT,fKTPLysbrHh9O0jRTIWq
dFLYdySpZdTobRz6e1A6,VNBtwxMS9GOlfFnqku3M
Ed9njsjRkL8Aird2W18D,0PaOyu3QNkh7jFmgS2kv
bH7mGBKh13K8xIa8JDpX,lzYYlgywPnYmlPZxgPJl
rRyI0oJMfCNQbgUTn1ek,otg3pc8d6yDeAyxYSIVr
Rop75z9Vy00Q7IdOLE5s,BrDgeqCvC2nBjAKNPgp9
LjPALPtiZo4TdXAHFJWK,ISSW1xyYAEULTDDpWGGf
Y8PK8oPbY6wGfLrJnLfA,ylJ1TWNO2XHZ3B9y548W
svdFyP9EIwHiyer8mylq,y7b9E79jhXwx27MbNgQ0
tPjXbrPQS0fw6zdFGzgf,wOHqKd2IpF0r3O7sCWXT
e6mplcX77Qb0fkDDH529,lFn694unWMnY5DKeSkWM
no2lpa7kQWfUeZW20VTe,iy9EW6L8sM2mOjUzSchX
00iOSq4h9ZAf0nWvJuqF,U3rwuBf3EI6pneVVoDdo
aq1a6WpuqnTeVHkhAyPY,LWy82t1BGvTvIfacoG0i
mcmFrsYjiWzf1LIgFrhG,QZgyrUv7OFk4e7XrkuSb
2lqxM60RwiVndkSCZVFW,Tgce6qT4P5kyIYMBB1Hv
52bLFMAth8mEfEZJ7kQ1,GM5GIzYHQdot89hKAG1Y
hNhobsoo1RQ5ZMrXg7Wm,W9HSBi9jX4BNKp3ljvCx
kNBnuqJ1t3R4CQyoFvkS,ZEaa7tfElqpo5KBx3JIJ
B1NaoJ17tGXUYu0B6z52,54XDi2vRD0rv2wHx8zih
NPDPvqCTHWq5dk0Y4HVi,F7hMVoTUxnNxkLoNY27v
WnNGHvQZcBHjTNwdWDR1,3myoFGhmDZ4ws76dQJ2A
u6Z7OnLZagwqqXhvtoGA,OHZ69U99W1OdIL6h967g
MWfXItjaHeWswv1mlRT4,AsafCiUE2PioGAfNNs0t
WW37nK1Z4K0EmU35I3N4,NttrpomSRdKQLY0izI7L
KRj6SNSdxEOUrEn9JLFs,bdwpKIYJ9G5n42UhC941
Efmpb1ycCA6kkx7QWyh9,AWzezwwHjb1YGPzl670p
uSlk2d90OMn5i8WFDlmO,mfOhEeKYcxKT9JRUg4K0
w3KoykiW29cMvRq4baJJ,xbCQvL8satdy5WtYKVVV
jt6cx0CSGIPgXHgWXRy7,fS0gBrRz3TwiHfHshebm
qdgBsvXKpkBkDWmEwXFx,7ibUpc56aZwENlhehGeI
QEBpMud5EARmUPCyQMda,3YZ4wXvY4ydsrfIZqAKg
aFWJaZaADz3Tju2ZHTXG,ApGzikqUoeSuNVgLEhP1
rJYsw3fTURFvHnfp258K,8Jl3VyUfibCfjdXICDI9
9ZxxTWCMKCMsmoC94n9j,0O5dGWtisfUCJIkpHjFE
3YTkEKA089dZoDsO0bMN,k5qzBlANrTINCrnI3Ceo
Bh4qkNenNqazDiVzwgUL,4L6L3FYN01iicmi8HkZN
HHT9Xm9vADXB2DMX3hz7,JVVbV1Jp7HMSpR5erELw
WEnA6LB2KuKNPqzgRl6Z,J2QCloZnWFrGEAAUhDEp
IP7UuSop4THpubmULPRu,JKUhKTFpwF8hebjggy4y
QTs1eniF7xDL2NT8I1LZ,ieytwzYUh0axk8viDmHP
8ZsZD9iVap7sETeGMdKT,s2yPouRESUdvmPiSQ0Pl
8modY06KZaQJDgFXehF6,LbQseccZVvUSKeP6t0BC
PMzgjg1BXqYTyoCJ2qcd,wNnCQJypxDy0x3p0JfUv
d6CJHW32Hp5vTuZj1W1M,kc4xHbEtYwADMNOgcInk
cnvbX9EDYawWNvMKIg8G,7bOFd4McDZFAPoR0rEy8
bKaqv7kIkhLNh7HbeOGD,nmoJBsbQ2225NQvTfsjd
ydEbUAcXwvRUqSVQkhsn,xcoSKRQWANbFMnIb5WyN
hGshC9KqWIyXuiWFA1QJ,syYJUBsAhtvlwDJdQvDa
PWjWFqL2t7qD6fNWBLlT,YXduoPA9nmPVRTPa4tCP
5I0VWRcrLcT0sjI8kUHI,hX2CG18xcwHEGRR2tEuA
nYGzwkbj3svr9ucw4zSt,AA11xRD7zav1c2yI7eA0
CVQz3pfmzYYAp50z9XcE,BYXs2PO569ynIpAD3FBn
oQYJdJdWHfsPSrRAvo10,uaGtCm12YOnX1GiVDYdt
7PVAovQYFeR3VlXDltrj,chh3qafWXJw7RLensg3J
JKvMN7rs1lXGd8T0MMrL,e6b7i6rgD0jzR5SzLmof
0vrmb4i3YdlglU95RZKI,JbmNCJlC7N6WySXkZ2x9
EsoodYO7Zr2dLln7L9ar,LRURDW8LEh8uYKC0GTWG
ApmKApAEXlvUXOgGNakP,u75ACRDLSXvLNOZ1W9zw
DQIbfE2TsHjuS26bTh4L,irDoq2yN8CzbNYlIlHUG
yvgBfDkwZuwyLU2s78zk,Z2Z1Q8AyxHfMP0LR66dW
DNW9PkfiKOhQXkFnSk0y,NUNKDVaV7kevhAoVVFWf
8XJ9UaBP76DVjFC9QHvk,vzVCRnTmR582bmSkRFJY
5mhqBUCrsIFfiQuAZn22,NjSRrtppRLF4ODZk7Vln
mUwq3gQsh5UhMsuUPX5q,wbf0YIQNg3TCksF422Vk
BGhoSpmssh7dfbcRzelJ,44WRKpDgDFn0csy8uUxn
PxCh05Dc2cGGCXtPAxjd,1MAMWlCZg5gUsq8iNN7Y
4sZGUxTtaDsbW9XXtP8C,yunFSJJdGx3JvDP4KB1O
sBS3I5dOctxk4YSWix3a,adMxtbRDMOUIaYbdZQAI
zMNXcQV3Mil7Bspk5un7,Hw16S8JwrzFxMbZTTsfb
Giuice8GGWVdF1wf7ulo,hEKIewPMag7FBRyrqPlY
0ypQmOw2LgI71pdt08Uu,TXdU2zm4iWMVX1xXYA9g
jX6isfXUIXIi7vLA9ZNT,T6KK7KVxcY25ZsoQNHo3
OT8FerycXwa22X9EMGPy,vNA0mE5crK7qYDpQM5vG
uMNBRkwLQPM0Ju5MNIvB,NbHpsqCrtvalyglOtHLX
8UmZeCy3zdDcqO5mgTlu,FOG44LltFMNKzgR1cUXE
Oc285wBu5cJ4hK2Z23ZN,EJndDj6drYJLCIFTj0CW
aVPtdTBE3jOnUznOrl46,1Lwcym4oyav5OdXkiQxY
YR20520QC3d0G9nrGu4J,UDJszyvGq8VNOSEh5zqv
83ITQ1f6tmG4wP61erwj,8Z3FAZwHcdxClK86bVRI
xV0mab1e3ZiyFYrXZCIm,MFj3emMP7R2fVOlRGMnb
neFTlWappfE5kAeaevtF,F1Eqt91FGwwduiHJk451
iWj7rZCckE8cUQbc75bV,EHs5y2Gi6rW0AS5remaq
VqWIdBuboACUP2cxf8NT,CmDJiOCBxdWA5zvR9uLc
lVEbKQ3opWKabvTBfGky,RKRmzHhfCQTAk3RXRv4Q
IRholeIwCq2XtSSPHV6b,jAKKuS7jA7g6kk7ERLEu
ol56PaHRP4RVWmvLaeLH,DN4ZmzfzbblBRinj3vvC
dJ8qmF0eoLTruSUQcxeh,DPGRid7sf3ITaNEyMI0c
a5r1xGNE5gLITYGXLfyH,laRoSBRLlvqhasdqL1Si
hWhgPkJGMgGIME1vMe4V,NzXQpSU1IJw6fBiUjGjG
nsjl1fwGL74eCEfwrB1T,ZOPs3X9zAqyUihOBB0SH
ISXhDfScJNMwYVdSaUQX,LK0zaqKnrcx4sovpvBHJ
byAKwlpYF7VdSLDm8uKI,14sd0dueWaOXOoOknq9n
lpElWvawZrhjK9tbl98F,WzXI3YuDf1IbRf49Ju3D
BrdrGz1qBtqXJUFeR2pv,7AwdBa801JnGbgnOkLW3
JVAolwESxPQV0GW2W1Kc,6KH6VdVbahfqqQkauTEa
rygXgAiHOe4AOdlPanZL,YmuzrEIchqeYGPnQoCMK
pNq49KuxCVh63vfvS1Ry,95UC7ELVF6xzApOPLjDV
YN9znpSkMAnGmNWt7Zm8,tgQbY74I1aDR3nqfrwwI
qaNQCQIF019obUMvKZ2U,RoaFymRIXsD8eN27yVT2
gQgP8plQfp8aHD2Xo6tb,nMwf6fufyuC8ji6BJGVa
ROBUFGoxYCrSeNdOXtn4,FXZ6roBuKJ7jpdrPd0Oa
rWtwauCE0hUzupWe4656,G7pcI2fpHyo0l79RM9pL
VX8QSaGo2fF5kpAA0XyO,DUDAA7UGVLKlwHDO9NKS
AbJqKfNX7WxTXsyQWvpF,5soYT6EUIyZauGrEu7lk
fqJ2w1dPNvyH2izn9k3L,2GqQgTBNYEKyLuvXRKpo
22YnKeGe9sm0wNJaCVK9,8kCiKJcyZzZzriwHCYWQ
Eh3LGJpi7NgHrQA6GpLI,TCxr9eLWBvpHgTrJpYoI
6wdJrc6CUGoiK2qLOQPo,lvZZRUbsw022rERuhyDU
v2ycLKSvnC1TOblkdNNV,wGiVWgoxItePuMOHQFsP
g790bKlnedlC05zNuIRb,sa3ZOaqDetNuDAAuJZs3
IBqPiU8uMznvj12INvVC,5hnKAxtaflUvAiJvsGl0
5eXGc2FcMiAcd4xqbPnF,YFFUMORcHspkPQAiuIhk
oepo0IWODUaTHLVja2pw,RsxWGGIO1FwkkbVaU75y
DmMoSzhdykmS1NX9BBv6,ncuKngtBoxMOgRmz1mxH
enOwEGvOGJI8OQqhxOoI,12e9LidMED7EAf8LnBoi
pKjvDnBjYDiEfcFrmX5c,zl18zwXEXs75BEqXPwHU
3iguS9ESWfiwRv7tjoqY,kfI4cdaQPqELvBqIohxl
KwnVUDOMp3j8KSDDRMc6,mUYHRrWLQpy0FHkBCeye
tkgTTaapvGmdSlEQOjWL,Kb2D5LHYE2rtgR6OkiYY
uYWZXUydkIjdR0AaDHzr,vY3mbH9AxDTrpDAR70gQ
zpD4fQIppaWo0MHZraIy,H9wVRajplY1AIHLnlOt7
2DrcHmBe4uAAqlMWOF3x,XI6mEz9xU2478N8lyJRh
5MUhsV0WKcsXJpJl27Y4,JsXeqz2tDLEaFl7id5LC
4gPetUGef0dI2dKRxeCH,CKeUV6dU09OA4l1LWT4O
iSbvuxstpgzqE7Pc2Q27,DrA6S6A08Ql1pkwq2m4i
GCWBxdlo0VJsxpGat0VK,XP3doit3y6oxQnzlTFts
LmUapazCqP9HwAcDwOQg,1fvZJzeQXVeGioQAQErb
9snjUGzDNh3hVI3Ga63E,FvwmENv0xreiLiGW6CUd
VE3bO07zXikZ3ThiPQTL,6RKWf1LM6T9eLYovNUPj
0pPPL8uQzCfgyiyPHBRH,0KorqiaB1OTEIcWukGrh
hvXLLg1tUkhWV9hUmhVY,GYDG2VsgBjE090BFYtG9
ut7U2uB3z584Ci8fZKP4,R9MGJXsoC9elX77OGC0x
lp2VdunVt9OzEjvfk6Hj,Peowb99a1G2U0ieGgFa2
x0NGj0n2ojS5gbORJtym,fpK6VCsxFtOHAsaolCV6
kuBTtjwNvShCTJgIopST,pjddHkivgTD6oiXOhFby
HZ36RcZLv5JXdJv5Ibd9,oyk1A4PeuOIAIiFR7vGf
6ROOgYdxoT5i7LIjLdK4,gtOFAwT02awh55Xy2QTM
wrGZOlsDfAJDsHl6wCmZ,WcCFpArSqwVsEC8nB5b7
AzT38LfCA1onJu62ooVn,YIBT8LuDuJRHJhfgmRcY
XJ3Uee2V31PDZ6wNIutP,ASrwkR0sSZWU2hHn2qVA
hGc5kNxUgmmfQiek1V8x,mxAz9DYvjlCRkr3xMuGN
n1GkWBdCqD1vkgcCk2Wo,Hi0oiZgZqthZ16o061cs
ItMoRqTEBmxRnzsqrsiv,sjRsuwfmMFJiy3RzI6Qm
Ia7HE8PaMKNld2tRK6vC,9LoxLyQUNM0HCBNI7IOW
763V2fEyVIizdcMWUEuY,tVksuVu0RxBFHuUvdSie
aOVWQa2PgLZZ5oUi87VV,1COFW2f5DHH4F5KMUqaw
Gv5Al2AzDyrRgR3Jyevn,517zTUcai7lE3JooKreX
arYfxwVtzsL9YORzG5lo,TEWvFIWWe2nKPVmY0QU0
7Oaxv1sCIKkphG4sLZ5w,hhLOejT32v1ENFVk64dx
SUmdCNOdILcEAIHDRbRG,AskcVitx7y8Oh7FWOqoY
YwkHwe0qZ4bUWVNj1xoS,eawp27ISDfsrMdHDZcni
y508LCbOFOZK1qbxy5fC,fohL7SAlrBZpmAJSw75P
7zovGNeSLDl9W2nD2kML,PDCnuMVKi4274McfRYqV
EQ21KXNfcROWyhQg746c,YU02tJCaTFD2w0T78r9s
D7Y7opBFRCzKbnDriHXe,jXmbNixF1w512kAIPKra
Hn02ejIgjUYyXC5a5OvP,eHRtmvCDUTTVn60es2XE
oLX8U007n7sMizDWc8jV,nYHcJ7Np6Sie1qaBE215
KkdgqdOFuVeAxbjCeZj3,yK0z4qvh0cUmavVXzWIs
JvCpkIo9FRukr0rxvIw4,opQbVUhv1NXOSfEJrJEW
wK7KT3MmfiFsN6Uxh5cz,D9oRURMFJEZrRRXFTfgc
aqu3UxgiutfwcOwPIe8w,zKEouAUrl34KG5wED8hR
SX2GzxkrGrpVEPUjkzVq,fqcJ1nR4asuPttMXemIl
0WpuO7jPWDfa2lNjrHZC,HxNUtM1jjGbcvQaIXJiS
z1T0jgG0wkS0kG7vwTPy,ndE0BRVXr2OJImy0S0YC
LMU8TTt4kqkGSb7MNg53,c3lka6l1zhFOhBXYx7ZV
62emi8DGdVz4OPEjnifo,R6Mg0xcu0accHUdQ0JSg
JJrTXH4hf2lJmTudthiW,gqdSrWvV4OWVAZjDviN4
QscecBDijSWFEFDVzEEr,lvWwTscVRLURAk2qH3Mi
miRradX69S65uvBXob1Y,ZsOartNRCB6VoZcXXCuQ
09eI5rOvu3phegnYXgrr,qfAzCa7zqo6lKgVYf9i4
FgH7fX9QMhjVX6z1i4eC,KR8oOuTkS2E7wBO2qh62
0vuVdNSd7H35d0jDao2f,p7IaAmEQXb0bD2fUw05b
ecxQk41qIOF2iNr5AvQW,OCwMApG6Vc5bUwfhtPBE
IPiR01l0QtCW8pG3O7wZ,ZYyqngDBFm0U6GFxAe6v
Ng8L8jUrMPgR7fX4SSyh,Qz3rroVWF5VEyJB4e2Zm
7UdprMqnl2VAkN1msFPx,9nstdLA3vvklT0mLYeBI
Vf2rTys5aewt0jFOuasW,mqHdxLWtNQool8BrpILr
5fdTEDpR0FDDLJNfMINm,tpv0tSUlqv81x75jZx5H
oFeLG0vHJERVssll5olj,So08ZAiY62J5YjU5Ply3
B5BOm1NAG3LJGEMUNt0e,VwDA8RJJgh8hxE5H6RzW
eMT3hm4teiGUcakGwrbU,KBzrriBUB5EbSG8Q1Ivl
acSAR0LN25OF9ThqMxEh,IpIZuC1VbTLSmaZExpMY
fkDVcIdXWibrQoBjLYsG,gLQLrmjzEdVvcTtMnjmv
